{
  "required": true,
  "compatibilityLevel": "JAVA_8",
  "package": "me.alphanemesis.waifu.mixin.mixins",
  "refmap": "mixins.WaifuClient.refmap.json",
  "mixins": [
    "MixinAbstractClientPlayer",
    "MixinAbstractHorse",
    "MixinActiveRenderInfo",
    "MixinBlock",
    "MixinBlockEndPortalFrame",
    "MixinBlockFluidRenderer",
    "MixinBlockLiquid",
    "MixinBlockModelRenderer",
    "MixinBlockSoulSand",
    "MixinC00Handshake",
    "MixinEntityBoat",
    "MixinEntityLivingBase",
    "MixinEntityPlayer",
    "MixinEntityPlayerSP",
    "MixinEntityRenderer",
    "MixinFontRenderer",
    "MixinGuiIngame",
    "MixinGuiNewChat",
    "MixinGuiPlayerTabOverlay",
    "MixinGuiScreen",
    "MixinGuiToast",
    "MixinItemFood",
    "MixinItemRenderer",
    "MixinItemStack",
    "MixinKeyBinding",
    "MixinLayerArmorBase",
    "MixinLayerBipedArmor",
    "MixinMinecraft",
    "MixinModelBiped",
    "MixinNetHandlerPlayClient",
    "MixinNetworkManager",
    "MixinPlayerControllerMP",
    "MixinRender",
    "MixinRenderEnderCrystal",
    "MixinRenderGlobal",
    "MixinRenderItem",
    "MixinRenderLivingBase",
    "MixinRenderPlayer",
    "MixinServerAddress",
    "MixinServerPinger",
    "MixinVisGraph",
    "MixinWorld",
    "accessors.IC00Handshake",
    "accessors.IContainer",
    "accessors.IEntityLivingBase",
    "accessors.IServerAddress",
    "accessors.ISPacketSetSlot"
  ]
}
